Table	Key	English	Italian
credits	14905035831980032	Thank you for playing!	Grazie per aver giocato!
credits	14905092673187840	A game by	Un gioco di
credits	14906175143358464	Duper Games	Duper Games
credits	14906236342448128	<color=#FFFFFF>Henri Couvreur\r\n<color=#98BFCB>Programming, game design, operations\r\n\r\n<color=#FFFFFF>Lucas Princé\r\n<color=#98BFCB>Art, narration\r\n\r\n<color=#FFFFFF>Elie Buglione\r\n<color=#98BFCB>Creative direction, game design, general support\r\n\r\n<color=#FFFFFF>Mattéo Delorme\r\n<color=#98BFCB> Level design\r\n\r\n<color=#FFFFFF>Jean-Loup Didelot\r\n<color=#98BFCB> Music, sound design\r\n\r\n<color=#FFFFFF>Meghan Hannier\r\n<color=#98BFCB> Level design, level Art, narration\r\n\r\n<color=#FFFFFF>Simon Gigant\r\n<color=#98BFCB>Programming\r\n\r\n<color=#FFFFFF>Ryan Hervé\r\n<color=#98BFCB>Producing	<color=#FFFFFF>Henri Couvreur\r\n<color=#98BFCB>Programmazione, game design, operazioni\r\n\r\n<color=#FFFFFF>Lucas Princé\r\n<color=#98BFCB>Arte, narrazione\r\n\r\n<color=#FFFFFF>Elie Buglione\r\n<color=#98BFCB>Direzione creativa, game design, supporto generale\r\n\r\n<color=#FFFFFF>Mattéo Delorme\r\n<color=#98BFCB> Level design\r\n\r\n<color=#FFFFFF>Jean-Loup Didelot\r\n<color=#98BFCB> Musica, sound design\r\n\r\n<color=#FFFFFF>Meghan Hannier\r\n<color=#98BFCB> Level design, Level Art, narrazione\r\n\r\n<color=#FFFFFF>Simon Gigant\r\n<color=#98BFCB>Programmazione\r\n\r\n<color=#FFFFFF>Ryan Hervé\r\n<color=#98BFCB>Produzione
credits	14906262451990528	With help from	Con l’aiuto di
credits	14906354353385472	<color=#FFFFFF>Guillaume Lavrilleux\r\n<color=#98BFCB>Sound design\r\n\r\n<color=#FFFFFF>Thibault Moulin\r\n<color=#98BFCB>Game design\r\n\r\n<color=#FFFFFF>Macéo Cazals\r\n<color=#98BFCB>QA\r\n\r\n<color=#FFFFFF>Autumn Holley\r\n<color=#98BFCB>Voice actress (the Warden)\r\n\r\n<color=#FFFFFF>Yasmine Bennami-Smires\r\n<color=#98BFCB>Voice actress (the Huntress)\r\n\r\n<color=#FFFFFF>Marion Masson\r\n<color=#98BFCB>Additionnal voiceover\r\n\r\n<color=#FFFFFF>Kevin Racine\r\n<color=#98BFCB>Additionnal voiceover\r\n\r\n<color=#FFFFFF>Oleksii Stromenko\r\n<color=#98BFCB>Additionnal voiceover\r\n\r\n<color=#FFFFFF>Seamus Bryner\r\n<color=#98BFCB>Additionnal voiceover	<color=#FFFFFF>Guillaume Lavrilleux\r\n<color=#98BFCB>Sound design\r\n\r\n<color=#FFFFFF>Thibault Moulin\r\n<color=#98BFCB>Game design\r\n\r\n<color=#FFFFFF>Macéo Cazals\r\n<color=#98BFCB>QA\r\n\r\n<color=#FFFFFF>Autumn Holley\r\n<color=#98BFCB>Doppiatrice (la Custode)\r\n\r\n<color=#FFFFFF>Yasmine Bennami-Smires\r\n<color=#98BFCB>Doppiatrice (la Cacciatrice)\r\n\r\n<color=#FFFFFF>Marion Masson\r\n<color=#98BFCB>Doppiaggio aggiuntivo\r\n\r\n<color=#FFFFFF>Kevin Racine\r\n<color=#98BFCB>Doppiaggio aggiuntivo\r\n\r\n<color=#FFFFFF>Oleksii Stromenko\r\n<color=#98BFCB>Doppiaggio aggiuntivo\r\n\r\n<color=#FFFFFF>Seamus Bryner\r\n<color=#98BFCB>Doppiaggio aggiuntivo
credits	14906430555500544	Published by	Pubblicato da
credits	14906490349498368	Goblinz Publishing	Goblinz Publishing
credits	14906509907537920	<color=#FFFFFF>Johann Verbroucht<color=#98BFCB>\r\nFounder and President\r\n\r\n<color=#FFFFFF>Anabelle Herber<color=#98BFCB>\r\nOffice Manager\r\n\r\n<color=#FFFFFF>Cyndie Cazeaux-Corp<color=#98BFCB>\r\nLead Marketing\r\n\r\n<color=#FFFFFF>Julie Talpin<color=#98BFCB> \r\nMarketing Artist\r\n\r\n<color=#FFFFFF>Camille Sagot<color=#98BFCB> \r\nMarketing Artist\r\n\r\n<color=#FFFFFF>Audrey Carlier<color=#98BFCB> \r\nCommunity Management\r\n\r\n<color=#FFFFFF>Justine Bourgeois<color=#98BFCB> \r\nMarketing\r\n\r\n<color=#FFFFFF>Galdric Borrat<color=#98BFCB>\r\nHead of Business\r\n\r\n<color=#FFFFFF>Félix Moll<color=#98BFCB>\r\nLine Producer, Line Designer\r\n\r\n<color=#FFFFFF>Thomas Grégoire<color=#98BFCB>\r\nRelease Manager, QA Manager, Customer Support\r\n\r\n<color=#FFFFFF>Nathan Parcaroli-Ruiz<color=#98BFCB>\r\nLine Designer, QA Tester\r\n\r\n<color=#FFFFFF>Guillaume Laudillay<color=#98BFCB>\r\nQA Tester\r\n\r\n<color=#FFFFFF>Volodia Roux<color=#98BFCB>\r\nQA Tester	<color=#FFFFFF>Johann Verbroucht<color=#98BFCB>\r\nFondatore e Presidente\r\n\r\n<color=#FFFFFF>Anabelle Herber<color=#98BFCB>\r\nOffice Manager\r\n\r\n<color=#FFFFFF>Cyndie Cazeaux-Corp<color=#98BFCB>\r\nResponsabile Marketing\r\n\r\n<color=#FFFFFF>Julie Talpin<color=#98BFCB> \r\nMarketing Artist\r\n\r\n<color=#FFFFFF>Camille Sagot<color=#98BFCB> \r\nMarketing Artist\r\n\r\n<color=#FFFFFF>Audrey Carlier<color=#98BFCB> \r\nCommunity Management\r\n\r\n<color=#FFFFFF>Justine Bourgeois<color=#98BFCB> \r\nMarketing\r\n\r\n<color=#FFFFFF>Galdric Borrat<color=#98BFCB>\r\nHead of Business\r\n\r\n<color=#FFFFFF>Félix Moll<color=#98BFCB>\r\nLine Producer, Line Designer\r\n\r\n<color=#FFFFFF>Thomas Grégoire<color=#98BFCB>\r\nRelease Manager, QA Manager, Customer Support\r\n\r\n<color=#FFFFFF>Nathan Parcaroli-Ruiz<color=#98BFCB>\r\nLine Designer, QA Tester\r\n\r\n<color=#FFFFFF>Guillaume Laudillay<color=#98BFCB>\r\nQA Tester\r\n\r\n<color=#FFFFFF>Volodia Roux<color=#98BFCB>\r\nQA Tester
credits	14906554874671104	Entalto	Entalto
credits	14906757946093568	Riotloc	Riotloc
credits	168374120448	<color=#FFFFFF>Andrew Duffy<color=#98BFCB>\r\nEnglish Editing\r\n\r\n<color=#FFFFFF>Robert Böck<color=#98BFCB>\r\nGerman Localization\r\n\r\n<color=#FFFFFF>Anna Kiseleva, Daria Shapiro<color=#98BFCB>\r\nRussian Localization\r\n\r\n<color=#FFFFFF>Ramón Méndez González, Iago Álvarez Graña<color=#98BFCB>\r\nSpanish Localization\r\n\r\n<color=#FFFFFF>Yiling Tang, Mikko Su<color=#98BFCB>\r\nChinese Localization (Simplified)\r\n\r\n<color=#FFFFFF>Crystal Dawn, Allison Kuo<color=#98BFCB>\r\nChinese Localization (Traditional)\r\n\r\n<color=#FFFFFF>Yooshin Yang, Hyang Jung<color=#98BFCB>\r\nKorean Localization\r\n\r\n<color=#FFFFFF>Iori Honda, Eriko Hayashi<color=#98BFCB>\r\nJapanese Localization\r\n\r\n<color=#FFFFFF>Andrzej Wróblewski, Krzysztof Karabin<color=#98BFCB>\r\nPolish Localization	<color=#FFFFFF>Andrew Duffy<color=#98BFCB>\r\nRevisione inglese\r\n\r\n<color=#FFFFFF>Robert Böck<color=#98BFCB>\r\nLocalizzazione tedesca\r\n\r\n<color=#FFFFFF>Anna Kiseleva, Daria Shapiro<color=#98BFCB>\r\nLocalizzazione russa\r\n\r\n<color=#FFFFFF>Ramón Méndez González, Iago Álvarez Graña<color=#98BFCB>\r\nLocalizzazione spagnola\r\n\r\n<color=#FFFFFF>Yiling Tang, Mikko Su<color=#98BFCB>\r\nLocalizzazione cinese (semplificato)\r\n\r\n<color=#FFFFFF>Crystal Dawn, Allison Kuo<color=#98BFCB>\r\nLocalizzazione cinese (tradizionale)\r\n\r\n<color=#FFFFFF>Yooshin Yang, Hyang Jung<color=#98BFCB>\r\nLocalizzazione coreana\r\n\r\n<color=#FFFFFF>Iori Honda, Eriko Hayashi<color=#98BFCB>\r\nLocalizzazione giapponese\r\n\r\n<color=#FFFFFF>Andrzej Wróblewski, Krzysztof Karabin<color=#98BFCB>\r\nLocalizzazione polacca
credits	168395091968	Special thanks	Ringraziamenti speciali
credits	14906895653482496	Adrien Vert\r\nAlexandre Villiers-Moriamé\r\nAnaïs Simonnet\r\nAnnonith\r\nAnthony Halloui-Thomas\r\nAntoine Gargasson\r\nAntoine Grelet\r\nAntonin Adeline\r\nArnaud Noble\r\nBaptiste Billet\r\nBCR\r\nBenedict Sanderson\r\nCafou\r\nClement Lambelet\r\nDavid Guinot\r\nDorian Beaugendre\r\nEkaterina Goliakova\r\nEmeric Thoa\r\nEmma Delage\r\nFaceless Voice\r\nFrançois Alligier\r\nFrançois Cubaynes\r\nGabriel Esteves\r\nGwendolyn Garan\r\nJeremy Ossola\r\nJonathan Perez\r\nJonny Brayn\r\nJulien Leprette\r\nKeumar\r\nLaura Fournier\r\nLaurent Kobel\r\nLéa Rousseaux\r\nLenzo Buglione\r\nLou Helmbacher\r\nLucie Bidault\r\nMarion Masson\r\nMichael Boga\r\nMichael Ricard\r\nMelissa Moyse\r\nNellyni\r\nNicolas Slimani\r\nOmar Boulon\r\nOrson Moyse\r\nPidgeoni\r\nRomain Rope\r\nSarah Lienart\r\nSergei Rachmaninoff\r\nSimon Bachelier\r\nStéphane Albanese\r\nSylvain Didelot\r\nSylvain Nicholl\r\nThéophile Loaec\r\nThibault Brun\r\nThomas Brissot\r\nThomas Carnicer\r\nThomas Imbert\r\nValentin Saint Jour\r\nVincent Regolo\r\n\r\nAkeya\r\nAuime\r\nCréa Compta\r\nGAFR <3\r\nPush Start\r\nLes Castors - Montpellier\r\nThe Burnout Bar - Montpellier\r\nThe ReaScript Community\r\nGaëtan Verdichizzi\r\nAggro Consulting\r\n\r\nOur amazing community and playtesters\r\nOur families, friends and pets	Adrien Vert\r\nAlexandre Villiers-Moriamé\r\nAnaïs Simonnet\r\nAnnonith\r\nAnthony Halloui-Thomas\r\nAntoine Gargasson\r\nAntoine Grelet\r\nAntonin Adeline\r\nArnaud Noble\r\nBaptiste Billet\r\nBCR\r\nBenedict Sanderson\r\nCafou\r\nClement Lambelet\r\nDavid Guinot\r\nDorian Beaugendre\r\nEkaterina Goliakova\r\nEmeric Thoa\r\nEmma Delage\r\nVoce senza volto\r\nFrançois Alligier\r\nFrançois Cubaynes\r\nGabriel Esteves\r\nGwendolyn Garan\r\nJeremy Ossola\r\nJonathan Perez\r\nJonny Brayn\r\nJulien Leprette\r\nKeumar\r\nLaura Fournier\r\nLaurent Kobel\r\nLéa Rousseaux\r\nLenzo Buglione\r\nLou Helmbacher\r\nLucie Bidault\r\nMarion Masson\r\nMichael Boga\r\nMichael Ricard\r\nMelissa Moyse\r\nNellyni\r\nNicolas Slimani\r\nOmar Boulon\r\nOrson Moyse\r\nPidgeoni\r\nRomain Rope\r\nSarah Lienart\r\nSergei Rachmaninoff\r\nSimon Bachelier\r\nStéphane Albanese\r\nSylvain Didelot\r\nSylvain Nicholl\r\nThéophile Loaec\r\nThibault Brun\r\nThomas Brissot\r\nThomas Carnicer\r\nThomas Imbert\r\nValentin Saint Jour\r\nVincent Regolo\r\n\r\nAkeya\r\nAuime\r\nCréa Compta\r\nGAFR <3\r\nPush Start\r\nLes Castors - Montpellier\r\nThe Burnout Bar - Montpellier\r\nLa Comunità ReaScript\r\nGaëtan Verdichizzi\r\nAggro Consulting\r\n\r\nLa nostra incredibile community e i playtester\r\nLe nostre famiglie, i nostri amici e i nostri animali domestici  
credits	14906918906703872	Tools & Assets	Strumenti e Risorse  
credits	14907169994518528	Odin (Sirenix)\r\nFeel (More Mountains)\r\nHierarchy 2 (Trương Nguyễn Tùng Duy)\r\nEasy Save (Moodkie)\r\nAmplify Shader Editor (Amplify Creations)\r\nText animator (Febucci Tools)\r\nDOTween (Demigiant)\r\nEvents 2.0 (Gabriel Pereira)\r\nUIFX (Chocolate Dinosaur)\r\nSC Post Effects Pack (Staggarts Creation)\r\nElectricity Effects FX Electric (SC Post Effects Pack)\r\nReaper (Cockos)\r\nFMOD Studio by Firelight Technologies Pty Ltd	Odin (Sirenix)\r\nFeel (More Mountains)\r\nHierarchy 2 (Trương Nguyễn Tùng Duy)\r\nEasy Save (Moodkie)\r\nAmplify Shader Editor (Amplify Creations)\r\nText animator (Febucci Tools)\r\nDOTween (Demigiant)\r\nEvents 2.0 (Gabriel Pereira)\r\nUIFX (Chocolate Dinosaur)\r\nSC Post Effects Pack (Staggarts Creation)\r\nEffetti di elettricità FX Electric (SC Post Effects Pack)\r\nReaper (Cockos)\r\nFMOD Studio di Firelight Technologies Pty Ltd  
credits	14907539932131328	In partnership with	In collaborazione con  
credits	14907678885228544	Goblinz Publishing	Goblinz Publishing  
credits	14907704084606976	With the support of FAJV, a fund\nfinanced by the National Center for\nCinema and Animated Picture	Con il supporto di FAJV, un fondo\nfinanziato dal Centro Nazionale del\nCinema e dell’Immagine Animata  
credits	14907790382411776	Montpellier Game Lab	Montpellier Game Lab  
credits	14907856958599168	With the support of \r\nMontpellier Méditerranée Métropole	Con il supporto di \r\nMontpellier Méditerranée Métropole  
credits	48550310642610176	Game Dev Fund	Game Dev Fund  
cutscenes	7266172928	You were all so frail…	Eravate tutti così fragili…  
cutscenes	96718094336	... Lost and vulnerable, fighting for survival.	... Persi e vulnerabili, in lotta per sopravvivere.  
cutscenes	109863043072	Maybe giving humans the crystals of power was a mistake.	Forse dare agli umani i cristalli del potere è stato un errore.  
cutscenes	128586416128	You quickly rose and became the masters of the islands.	Vi siete innalzati rapidamente e siete diventati i padroni delle isole.  
cutscenes	139298668544	While I had only love and trust for you...	Mentre io avevo solo amore e fiducia per voi...  
cutscenes	151126605824	... Other gods started to see humanity as a threat.	... Altri dèi hanno iniziato a vedere l’umanità come una minaccia.  
cutscenes	182365782016	From their worries emerged the Shell, the crystal of calamities.	Dalle loro preoccupazioni nacque il Guscio, il cristallo delle calamità.  
cutscenes	219250491392	You risked everything in your attempts to destroy it...	Avete rischiato tutto nei vostri tentativi di distruggerlo...  
cutscenes	232462548992	... But the Shell prevailed, and the fight was lost.	... Ma il Guscio prevalse, e la battaglia fu persa.  
cutscenes	247805313024	I thought about giving up...	Ho pensato di arrendermi...  
cutscenes	263139688448	... But then I faintly heard it.	... Ma poi l’ho sentito debolmente.  
cutscenes	277568094208	One last hope. One last chance.	Un’ultima speranza. Un’ultima possibilità.  
cutscenes	305804148736	You now hold the fate of the islands, huntress.	Ora tieni in mano il destino delle isole, cacciatrice.  
cutscenes	508732964864	Destroy the Shell, and restore peace.	Distruggi il Guscio e riporta la pace.  
cutscenes	1163036000256	Your time has not come yet, huntress.	Non è ancora giunto il tuo tempo, cacciatrice.  
cutscenes	1211136278528	I will always be your shield. Whatever comes.\n	Sarò sempre il tuo scudo. Qualunque cosa accada.\n  
cutscenes	1224432222208	I hear your people pray for your return.\n	Sento la tua gente pregare per il tuo ritorno.\n  
cutscenes	1234959925248	I will bring you to them. To your refuge.\n	Ti riporterò da loro. Al tuo rifugio.\n  
cutscenes	1266828247040	Cherish this moment of rest and communion.\n	Custodisci questo momento di riposo e comunione.\n  
cutscenes	11593707223441408	The Sea God’s champion is no more, huntress.\n	La campionessa del Dio del Mare non è più, cacciatrice.\n  
cutscenes	11594310448242688	Their master will bring them back eventually, and you will defeat them again.\n	Il loro padrone prima o poi li farà tornare, e tu li sconfiggerai di nuovo.\n  
cutscenes	11595527182278656	Now, the Frozen Peak’s fortress stands tall between you and the Shell.\n	Ora, la fortezza del Picco Ghiacciato si erge tra te e il Guscio.\n  
cutscenes	11595776391045120	You shall fight the next champion, the Mountain Goddess’ chosen one.\n	Dovrai affrontare il prossimo campione, la prescelta della Dea della Montagna.\n  
cutscenes	11595889855356928	But beware, for others are waiting for you up there…\n	Ma fai attenzione, lassù altri ti attendono…\n  
cutscenes	11599767787200512	Our foes will conquer time and time again...\n	I nostri nemici conquisteranno ancora e ancora...\n  
cutscenes	11599700594450432	…The Shell endures.\n	…Il Guscio resiste.\n  
cutscenes	11599594960904192	But don’t forget…\n	Ma non dimenticare…\n  
cutscenes	11599508516298752	We thank you for this day of peace.\n	Ti ringraziamo per questo giorno di pace.\n  
cutscenes	11599442112077824	People can sail - No gods to stop them.\n	La gente può salpare - Nessun dio a fermarli.\n  
cutscenes	11599361736630272	The monsters are gone.\nThe storm has stopped.\n	I mostri sono spariti.\nLa tempesta si è placata.\n  
cutscenes	11599190705496064	It feels so quiet now.	Ora sembra così silenzioso.  
cutscenes	37304849174290432	The Shell is on the brink of collapse.\n	Il Guscio è sull’orlo del collasso.\n  
cutscenes	37951204423032832	Destroying it will offer your people peace…\n	Distruggerlo offrirà pace al tuo popolo…\n  
cutscenes	37951234487803904	…But only for a short time.\n	…Ma solo per poco tempo.\n  
cutscenes	37951237914550272	This is your last challenge, huntress.\n	Questa è la tua ultima sfida, cacciatrice.\n  
cutscenes	37951240712151040	Aetherpolis, the Shadow God’s fallen city.\n	Aetherpolis, la città caduta del Dio dell’Ombra.\n  
cutscenes	37951243291648000	Where the living are not welcome anymore.\n	Dove i vivi non sono più benvenuti.\n  
cutscenes	37954973214892032	…unless we are there to stop them.\n	…a meno che noi non siamo lì a fermarli.\n  
cutscenes	37959036220399616	Before fighting the gods’ wrath once again.\n	Prima di affrontare ancora una volta l’ira degli dèi.\n  
dialogues	14161608704	*Let's see... A little bit here, and a little bit there... Hmmm*\nOh, you are back! Praised be the **Warden**! 	*Vediamo... Un po’ qui, e un po’ là... Hmmm*\nOh, sei tornata! Sia lodata la **Custode**!  
dialogues	89969459200	Well, look what the tide dragged in. \nBeen a while since I saw the color of [coins] **gold**...\nWanna buy some trinkets?	Beh, guarda chi ha portato la marea. \nÈ passato un po’ dall’ultima volta che ho visto il colore delle [coins] **monete d’oro**...\nVuoi comprare qualche gingillo?  
dialogues	278486646784	The **Sea God** finally recognized my mighty power!\nNOW STOP WRECKING MY NEW EMPIRE!!!	Il **Dio del Mare** ha finalmente riconosciuto il mio possente potere!\nORA SMETTILA DI DISTRUGGERE IL MIO NUOVO IMPERO!!!  
dialogues	327706804224	Rest. We shall go again when you are ready.	Riposa. Ripartiremo quando sarai pronta.  
dialogues	355510845440	Stay strong, huntress. We can do this.	Rimani forte, cacciatrice. Possiamo farcela.  
dialogues	393163112448	Rise up, huntress! The fight is not over!	Alzati, cacciatrice! La battaglia non è finita!  
dialogues	523249451008	Well done, huntress!\nBut the **Sea God** is now trying to sink the island. \nEscape through the **portal** I opened.	Ben fatto, cacciatrice!\nMa ora il **Dio del Mare** sta cercando di affondare l’isola. \nFuggi attraverso il **portale** che ho aperto.  
dialogues	557445611520	The **Crystal Islands** are invaded, huntress.\nGet rid of the **crowlfs**.	Le **Isole di Cristallo** sono invase, cacciatrice.\nSbarazzati dei **crowlf**.  
dialogues	606204395520	This is one of the sanctuaries that your people built in my name... \nBut it has been abandoned since the **Shell** appeared... 	Questo è uno dei santuari che la tua gente ha costruito in mio nome... \nMa è stato abbandonato da quando è apparso il **Guscio**...  
dialogues	668594667520	I can lend you more of my powers here.\nLet us take a moment to commune, huntress.	Qui posso concederti più dei miei poteri.\nPrendiamoci un momento per comunicare, cacciatrice.  
dialogues	7165659643904	I have been tinkering with [crystals] **crystals**.\nIf you bring more, I can carve them to create powerful runes for your expeditions.	Ho trafficato con [crystals] **cristalli**.\nSe ne porti altri, posso scolpirli per creare potenti rune per le tue spedizioni.  
dialogues	38468102579478528	I don't know how you reached this place. But I will... *or rather* Cronk will stop you!\n**Cronk**, attack!	Non so come tu sia arrivata fin qui. Ma io... *o meglio* Cronk ti fermerà!\n**Cronk**, attacca!  
dialogues	38468485515239424	Mrphh.	Mrphh.  
dialogues	38483761090715648	So. You must be the lady huntress causing all of the agitation.\nHow did you like the city tour? 	Quindi. Devi essere tu la cacciatrice che causa tutto questo trambusto.\nCom’è stato il tour della città?  
dialogues	52880880196288512	If it ain't my favorite customer?! \n*The cicadas are chattier though...*\nYou having fun with the crowlfs out there?	Ma non è il mio cliente preferito?! \n*Anche le cicale però chiacchierano di più...*\nTi stai divertendo con i crowlfs là fuori?  
dialogues	52880936374796288	Hey, kudos on the big climb. \nMust've been tough with all that gold you carry.	Ehi, complimenti per la grande scalata. \nDeve essere stata dura con tutto quell’oro che ti porti dietro.  
dialogues	52880938455171072	These falling stones are a nightmare to dodge, even with this rigged beauty.\nBut I get around! This ship ain't done selling.	Queste pietre che cadono sono un incubo da schivare, anche con questa bellezza truccata.\nMa me la cavo! Questa nave non ha ancora finito di vendere.  
dialogues	52880940481019904	Y'know, if you beat the guy with the stones and his furry friend, I'll go back to **Aetherpolis** just for you.\n*And your coins.*	Sai, se batti il tipo con le pietre e il suo amico peloso, tornerò ad **Aetherpolis** solo per te.\n*E per le tue monete.*  
dialogues	52880942330707968	*This city gives me the shivers...*\nI used to trade tons of mangos from the islands here y'know...?	*Questa città mi dà i brividi...*\nUna volta commerciavo tonnellate di manghi dalle isole qui, lo sapevi...?  
dialogues	52880948857044992	How's the king by the way? Is he still... Dead crazy?\n*Not my best joke. Not my worst one either.*	Come sta il re, a proposito? È ancora... Pazzo da legare?\n*Non la mia battuta migliore. Ma nemmeno la peggiore.*  
dialogues	52880977311203328	Ah sweet... Here we go again!	Ah dolcezza... Eccoci di nuovo!  
dialogues	52896355101868032	*Ommmm... Ommmm...*	*Ommmm... Ommmm...*  
dialogues	52896359266811904	Oh! Excuse me young one, I did not see you come back. \nI have been praying the **Warden** all night for your return.	Oh! Scusami giovane, non ti avevo visto tornare. \nHo pregato la **Custode** tutta la notte per il tuo ritorno.  
dialogues	52896389398691840	Oh. So you have been to the city then...\nI went there a long time ago. I was taught the holy carvings at the Akademia Aetheris.	Oh. Quindi sei stata in città allora...\nCi andai molto tempo fa. Mi insegnarono le sacre incisioni all’Akademia Aetheris.  
dialogues	52896392485699584	This day without the **Shell** has been truly blessed.\nMay the **Warden** and you keep watching over us and our refuge.	Questo giorno senza il **Guscio** è stato davvero benedetto.\nPossa la **Custode** e tu vegliare su di noi e sul nostro rifugio.  
dialogues	52896394532519936	...In her light we shall seeee!\nAnd praised our hero beeee!	...Nella sua luce vedremo!\nE sia lodata la nostra eroina!  
dialogues	52896396461899776	Huntress! I was just finishing my song.\nI have to say, you truly are an inspiration.	Cacciatrice! Stavo giusto finendo la mia canzone.\nDevo dire, sei davvero un’ispirazione.  
dialogues	52896398189953024	Do I smell sulfur?\nOh, you haven't taken one of those cursed portals have you now..?	Sento odore di zolfo?\nOh, non avrai preso uno di quei portali maledetti vero..?  
dialogues	52896399720873984	I can not imagine the horrors you must have been through.\nRest all you need young one, I'll make some soup.	Non posso immaginare gli orrori che devi aver vissuto.\nRiposa quanto ti serve giovane, io preparo un po’ di zuppa.  
dialogues	53255279818735616	She's back! Listen... I'M KING OF THE PIRATES NOW!!!\nSo BEAT IT!	È tornata! Ascolta... ORA SONO IL RE DEI PIRATI!!!\nQuindi SPARISCI!  
dialogues	53255282108825600	I wish you'd stop DECIMATING MY CREWLF!\nI'll add your little refuge to my empire soon anyway...	Vorrei che smettessi di DECIMARE I MIEI CROWLF!\nAggiungerò comunque presto il tuo piccolo rifugio al mio impero...  
dialogues	53255283874627584	AM I BACK?! I mean, I was gone, and then I wasn't...\nHaha the **Sea God** still believes in me, I WON'T DISAPOINT YOU AGAIN MASTER!	SONO TORNATO?! Voglio dire, ero sparito, e poi non lo ero più...\nAhah il **Dio del Mare** crede ancora in me, NON TI DELUDERÒ PIÙ MAESTRO!  
dialogues	53255285820784640	You... You sent me here... BUT I CAN'T SAIL ON LAVA! \nYOU'LL PAY FOR IT!	Tu... Tu mi hai mandato qui... MA NON POSSO NAVIGARE SULLA LAVA! \nLA PAGHERAI!  
dialogues	53255287548837888	YAAAAH!!!	YAAAAH!!!  
dialogues	53259080189509632	I... I'm n..n..not afraid of you! **Cronk** will crush you this time. \nIsn't that right my girl?	Io... Io non ho p..p..paura di te! **Cronk** ti schiaccerà questa volta. \nNon è vero, mia piccola?  
dialogues	53259084379619328	Rrrrrawwww!	Rrrrrawwww!  
dialogues	53259098594115584	Myooorph...	Myooorph...  
dialogues	53259099948875776	You're right Cronky, the mean lady belongs under a rock.	Hai ragione Cronky, la cattiva signora merita di stare sotto un sasso.  
dialogues	53259102717116416	Too bad for you, **Cronk** is cranky today...	Peccato per te, **Cronk** oggi è di cattivo umore...  
dialogues	53259103975407616	Grrrrrrr...	Grrrrrrr...  
dialogues	53259106051588096	It's too warm for my little baby here. Look at her!	Fa troppo caldo per la mia piccolina. Guardala!  
dialogues	53259107276324864	Mwaaaargh.	Mwaaaargh.  
dialogues	53262251506958336	Get her **Cronk**!	Prendila **Cronk**!  
dialogues	53262254522662912	Hmmmmrrr.	Hmmmmrrr.  
dialogues	53365228624314368	Sadly, the **King's Aethergard** closed it when **the Shell** emerged...\nBut, let us keep hope shall we? I might be able to reopen it myself someday.	Purtroppo, la **Guardia Eterea del Re** lo chiuse quando emerse **il Guscio**...\nMa manteniamo la speranza, d’accordo? Potrei riuscire a riaprirlo un giorno.  
dialogues	53587475368673280	But anyway, happy to help you out... \n*...And you're the only customer left.*	Comunque, felice di aiutarti... \n*...E sei l’ultima cliente rimasta.*  
dialogues	53594182375342080	You are close, huntress!\nBeware, the **Shadow god** is the strongest of them all.	Sei vicina, cacciatrice!\nAttenta, il **Dio dell’Ombra** è il più forte di tutti.  
dialogues	53594291553075200	This is the last blessing I can give you for now.\nChoose wisely, and good luck.	Questa è l’ultima benedizione che posso darti per ora.\nScegli con saggezza, e buona fortuna.  
dialogues	53595722846732288	I am proud of your determination, huntress.\nI am ready to go with you again.	Sono orgoglioso della tua determinazione, cacciatrice.\nSono pronto a seguirti di nuovo.  
dialogues	53965110015852544	Hi.\nSo the Warden chose you...	Ciao.\nQuindi la Custode ha scelto te...  
dialogues	53965854479646720	*Cool.*	*Fico.*  
dialogues	53965871495938048	Anyway, while you were off saving the world, I've been working on a few things.\n*If you're interested.*\nI require [soul] **souls of champions** to complete my work.	Comunque, mentre tu salvavi il mondo, io stavo lavorando a un paio di cose.\n*Se ti interessano.*\nMi servono [soul] **anime di campioni** per completare il mio lavoro.  
dialogues	53965917297737728	That outfit suits you. *Better than me.* \nI guess it must be that 	Quel vestito ti dona. *Meglio che a me.* \nImmagino debba essere per quello.  
dialogues	53965921043251200	Y'know what they say, never bring a sword to a gunfight.\n*I guess that's why you were chosen and not me.*	Sai cosa si dice, non portare mai una spada a uno scontro a fuoco.\n*Immagino sia per questo che sei stata scelta tu e non io.*  
dialogues	53965924411277312	But hey, don't forget I was at least as good as you during our trainings!\n*I miss those...*	Ma ehi, non dimenticare che almeno durante i nostri allenamenti ero brava quanto te!\n*Mi mancano quei tempi...*  
dialogues	53965927871578112	Hey. Listen, I'm sorry I've been off lately... \nI love you, you know. You're my only friend left.	Ehi. Ascolta, mi dispiace se sono stata distante ultimamente... \nTi voglio bene, lo sai. Sei la mia unica amica rimasta.  
dialogues	53965940009893888	And um... Thanks. We wouldn't be here if it wasn't for you.	Ehm... Grazie. Non saremmo qui se non fosse per te.  
dialogues	53965944040620032	What...? \nI need to train, so hurry.\n*It's hard enough to keep up with you.*	Cosa...? \nDevo allenarmi, quindi muoviti.\n*È già abbastanza difficile starti dietro.*  
dialogues	55064851726368768	I have to say that I am enjoying Aetherpolis' quieter atmosphere of late.\nAnd you, are a disturbance to me, little lady.	Devo dire che mi sto godendo la tranquillità di Aetherpolis ultimamente.\nE tu sei una seccatura per me, signorina.  
dialogues	55064902615859200	You may have won this combat, but the gods will not surrender that easy. \nWe shall meet again, lady huntress. Hu hu *hu.*	Hai vinto questo combattimento, ma gli dèi non cederanno così facilmente. \nCi rivedremo, cacciatrice. Hu hu *hu.*  
dialogues	55064913030316032	I learned a lot during my late voyage to hell...\nI am grateful to you for sending me there.\nBut I have had enough lava for now.	Ho imparato molto durante il mio ultimo viaggio all’inferno...\nTi sono grata per avermi mandata lì.\nMa ora ho avuto abbastanza lava.  
dialogues	55064915517538304	Until we meet again, soon. Hu hu *hu*.	Alla prossima volta, presto. Hu hu *hu*.  
dialogues	55064931468476416	Lady huntress! I have been studying in your absence.	Cacciatrice! Ho studiato durante la tua assenza.  
dialogues	55064934140248064	How is your apocalypse going lady huntress? Are you fully enjoying it?\nI sure am. Hu hu *hu*.	Come va la tua apocalisse, cacciatrice? Te la stai godendo appieno?\nIo sì, di certo. Hu hu *hu*.  
dialogues	55064936434532352	Long time no see. \nHu hu *hu*.	È passato tanto tempo. \nHu hu *hu*.  
dialogues	55064938540072960	I'm mortified to see you around, such a pleasure! Hu hu *hu*.	Sono inorridita di vederti in giro, che piacere! Hu hu *hu*.  
dialogues	55066362376257536	You know, when I first acquired the Book of Shadows, I wondered what to do with it. \nAnd unlike you, I really enjoy the outcome. Hu hu *hu*.	Sai, quando ho preso per la prima volta il Libro delle Ombre, mi chiedevo cosa farne. \nE a differenza tua, io adoro il risultato. Hu hu *hu*.  
dialogues	58135536943620096	*Be careful out there.*	*Fai attenzione là fuori.*  
dialogues	58156809652396032	Ioanna is a bit jealous you know. But she does mean well!\nThe weapons she made you look exceptionnal, she is so talented that girl.	Sai, Ioanna è un po’ gelosa. Ma è in buona fede!\nLe armi che ti ha forgiato sembrano eccezionali, è davvero talentuosa quella ragazza.  
gameplay	70507888640	BLOCKED	BLOCCATO  
gameplay	400486367232	COVER	COPERTURA  
gameplay	466370494464	MISS	MANCATO  
gameplay	852372291584	SLOW	LENTO  
gameplay	309377162084352	Crowlf Admiral	Ammiraglio Crowlf  
gameplay	309403619753984	Sea God's champion	Campionessa del Dio del Mare  
gameplay	991242051190784	Mango	Mango  
gameplay	991293162979328	**+1_[health]**	**+1_[salute]**  
gameplay	7231342704144384	fire	fuoco  
gameplay	7231843424350208	base	base  
gameplay	7231982985621504	ice	ghiaccio  
gameplay	7232069077905408	thunder	tuono  
gameplay	12649163817488384	fire damage	danno da fuoco  
gameplay	12649188039593984	base damage	danno base  
gameplay	12649209141137408	ice damage	danno da ghiaccio  
gameplay	12649238664843264	thunder damage	danno da tuono  
gameplay	14766591835189248	The runemaster	Il maestro delle rune  
gameplay	14766699943374848	The smuggler	Il contrabbandiere  
gameplay	14766742452645888	The Warden	La Custode  
gameplay	35188251976859648	PLAY AGAIN	GIOCA DI NUOVO  
gameplay	38767570990325760	High Cultist & Cronk	Gran Cultista & Cronk  
gameplay	38767624681611264	Mountain Goddess' champions	Campioni della Dea della Montagna  
gameplay	38784690541223936	Mad King	Re Folle  
gameplay	38784694660030464	Shadow God's champion	Campione del Dio dell’Ombra  
gameplay	7231342704144380	Fire	Fuoco  
gameplay	7231982985621500	Ice	Ghiaccio  
gameplay	7232069077905400	Thunder	Tuono  
gameplay	541360455680	RESISTANT	RESISTENTE  
gameplay	585018966016	UNTARGETABLE	INTARGETTABILE  
gameplay	918910730240	MARKED	MARCHIATO  
hub upgrades	436258385494059	**+[X]%_chance** of **[coins]_drop** per level	**+[X]%_probabilità** di **[coins]_caduta monete** per livello  
hub upgrades	436258385494058	Rune of Treasure Hunting I	Runa della Caccia al Tesoro I  
hub upgrades	436258385494071	Improves the **runemaster's workshop**	Migliora la **bottega del maestro delle rune**  
hub upgrades	436258385494070	Refuge Improvements I	Migliorie al Rifugio I  
hub upgrades	436258385494035	Start each **expedition** with **+[X]_[coins]**	Inizia ogni **spedizione** con **+[X]_[monete]**  
hub upgrades	436258385494034	Rune of Wealth I	Runa della Ricchezza I  
hub upgrades	436258385494037	Rune of Wealth II	Runa della Ricchezza II  
hub upgrades	436258385494040	Rune of Wealth III	Runa della Ricchezza III  
hub upgrades	436258385494044	The **smuggler's shop** offers an **extra item**	Il **negozio del contrabbandiere** offre un **oggetto extra**  
hub upgrades	436258385494043	Rune of Choice I	Runa della Scelta I  
hub upgrades	436258385494046	Rune of Choice II	Runa della Scelta II  
hub upgrades	436258385494050	**+[X]_[maxHealth]**	**+[X]_[saluteMassima]**  
hub upgrades	436258385494049	Rune of Endurance I	Runa della Resistenza I  
hub upgrades	436258385494052	Rune of Endurance II	Runa della Resistenza II  
hub upgrades	8703527451627520	Weapons	Armi  
hub upgrades	8703527468404736	Select the **weapon** you're going to use at the beginning of each **expedition**	Seleziona l’**arma** che userai all’inizio di ogni **spedizione**  
hub upgrades	30089233085038592	Rune of Pride I	Runa dell’Orgoglio I  
hub upgrades	30089233097621504	You can **skip** each **[power]_blessing** to gain **[X]_[coins]**	Puoi **saltare** ogni **[power]_benedizione** per ottenere **[X]_[monete]**  
hub upgrades	40217302147858432	Rune of the Blessed I	Runa del Benedetto I  
hub upgrades	40217302164635648	**+[X]%_chance** for **[power]_blessings** to be **rare**	**+[X]%_probabilità** che le **[power]_benedizioni** siano **rare**  
hub upgrades	40217650577080321	**+[X]%_chance** for **[power]_blessings** to be **rare**	**+[X]%_probabilità** che le **[power]_benedizioni** siano **rare**  
hub upgrades	40220146250874880	Rune of Refinement I	Runa del Raffinamento I  
hub upgrades	40220146250874881	**+[X]%_chance** of **[crystals]_drop** per level	**+[X]%_probabilità** di **[crystals]_caduta cristalli** per livello  
hub upgrades	40220358402965504	Rune of Sharpness  I	Runa dell’Affilatezza I  
hub upgrades	40220358402965505	**+[X]% [critic]_critical hit chance**	**+[X]% [critic]_probabilità di colpo critico**  
hub upgrades	40220638867685376	Weapon Mastery	Maestria delle Armi  
hub upgrades	40220638867685377	Choose your **weapon** at the start of each **expedition**	Scegli la tua **arma** all’inizio di ogni **spedizione**  
hub upgrades	40222665198862336	Rune of Hidden Luck I	Runa della Fortuna Nascosta I  
hub upgrades	40222665198862337	You can **reroll** **[power]_blessings** up to **[X]_times** each expedition	Puoi **rilanciare** le **[power]_benedizioni** fino a **[X]_volte** per spedizione  
hub upgrades	40234930639798272	Rune of Legend I	Runa della Leggenda I  
hub upgrades	40234930652381184	**+[X]%_chance** for **[power]_blessings** to be **epic**	**+[X]%_probabilità** che le **[power]_benedizioni** siano **epiche**  
hub upgrades	40235040736083969	**+[X]%_chance** of **rare [power]_blessings**	**+[X]%_probabilità** di **rare [power]_benedizioni rare**  
hub upgrades	40971883060461568	Rune of Fortune I	Runa della Fortuna I  
hub upgrades	40971883081433088	**+[X]%_chance** for **[coins]_drops** to be **big**	**+[X]%_probabilità** che le **[coins]_cadute di monete** siano **grandi**  
hub upgrades	41252905945726976	Rune of the Feast I	Runa del Banchetto I  
hub upgrades	41252905962504192	**+[X]%_chance** for **[mangos]_drops** to be **big**	**+[X]%_probabilità** che i **[mangos]_mango caduti** siano **grandi**  
hub upgrades	41253457773527040	Rune of Fortune II	Runa della Fortuna II  
hub upgrades	41253457773527041	**+[X]%_chance** for **[coins]_drops** to be **giant**	**+[X]%_probabilità** che le **[coins]_cadute di monete** siano **giganti**  
hub upgrades	41253682177179648	Rune of Magnificence	Runa della Magnificenza  
hub upgrades	41253682177179649	**Bosses** drop a **giant_[crystals]** when defeated	I **Boss** rilasciano un **[crystals]_cristallo gigante** quando vengono sconfitti  
hub upgrades	42383427946123264	Rune of Refinement II	Runa del Raffinamento II  
hub upgrades	42383427946123265	**+[X]%_chance** of **[crystals]_drop** per level	**+[X]%_probabilità** di **[crystals]_caduta cristalli** per livello  
hub upgrades	42385383422922752	Rune of Treasure Hunting II	Runa della Caccia al Tesoro II  
hub upgrades	42679724376821760	Rune of Pride III	Runa dell’Orgoglio III  
hub upgrades	42406181411983360	Rune of Sharpness II	Runa dell’Affilatezza II  
hub upgrades	42406642131111936	Rune of Wealth III	Runa della Ricchezza III  
hub upgrades	42406642131111937	**+**[X]_[coins] at the start of each **expedition**	**+**[X]_[monete] all’inizio di ogni **spedizione**  
hub upgrades	42406907970293760	Rune of Hidden Luck II	Runa della Fortuna Nascosta II  
hub upgrades	42407442744053760	Rune of Refinement III	Runa del Raffinamento III  
hub upgrades	42407442744053761	**+[X]%_chance** to win a [crystals] when **defeating an enemy** on each level	**+[X]%_probabilità** di vincere un [crystals] quando **sconfiggi un nemico** a ogni livello  
hub upgrades	42407746529103872	Rune of Negociation I	Runa della Negoziazione I  
hub upgrades	42407746529103873	The **smuggler's shop** offers an **extra item**	Il **negozio del contrabbandiere** offre un **oggetto extra**  
hub upgrades	42673135943127040	Rune of Hidden Luck III	Runa della Fortuna Nascosta III  
hub upgrades	42673597954101248	Rune of Legend II	Runa della Leggenda II  
hub upgrades	42673597954101249	**+[X]%_chance** of getting an **epic [power]_item**	**+[X]%_probabilità** di ottenere un **[power]_oggetto epico**  
hub upgrades	42675193110827008	Rune of the Blessed II	Runa del Benedetto II  
hub upgrades	42675193110827009	**+[X]%_chance** of getting a **rare [power]_item**	**+[X]%_probabilità** di ottenere un **[power]_oggetto raro**  
hub upgrades	42675249956229121	**+[X]%_chance** of getting a **rare [relic]_Relic**	**+[X]%_probabilità** di ottenere una **[relic]_Reliquia rara**  
hub upgrades	42675308781342720	Rune of Pride II	Runa dell’Orgoglio II  
hub upgrades	42675391790813184	Rune of Treasure Hunting III	Runa della Caccia al Tesoro III  
hub upgrades	42679950097485824	Rune of Choice III	Runa della Scelta III  
hub upgrades	42679950097485825	The **smuggler** sells **[X]_more item**	Il **contrabbandiere** vende **[X]_oggetti in più**  
hub upgrades	47421249048666112	Rune of the Blessed III	Runa del Benedetto III  
hub upgrades	47422311121936384	Rune of Legend III	Runa della Leggenda III  
hub upgrades	47422376431443968	Rune of Legend IV	Runa della Leggenda IV  
hub upgrades	47422396048203776	Rune of Legend V	Runa della Leggenda V  
hub upgrades	47422416751288320	Rune of Legend VI	Runa della Leggenda VI  
hub upgrades	47423433391857664	Rune of Fortune III	Runa della Fortuna III  
hub upgrades	47423696034979840	Rune of Fortune IV	Runa della Fortuna IV  
hub upgrades	47424495125389312	Rune of Harvest I	Runa del Raccolto I  
hub upgrades	47424616797954048	The **smuggler's mango tree** grows a [mangos]	L’**albero di mango del contrabbandiere** fa crescere un [mangos]  
hub upgrades	47430006554091520	**Red portals** appear in some levels to offer a **special challenge**	I **Portali rossi** appaiono in alcuni livelli per offrire una **sfida speciale**  
hub upgrades	47429986073305088	Gates of Hell	Porte dell’Inferno  
hub upgrades	47430455885684736	Upgrade your **weapons** at the **gunsmith's stand**	Potenzia le tue **armi** alla **postazione dell’armaiolo**  
hub upgrades	47430396280430592	Dear Friend	Caro Amico  
hub upgrades	47431225464971264	Blessed Weapon	Arma Benedetta  
hub upgrades	47431295987998720	Each expedition, a random **weapon** gives **+[X]%_chance** for **[crystals]_drops** to be **big**	Ogni spedizione, un’**arma** casuale dà **+[X]%_probabilità** che i **[crystals]_cadute di cristalli** siano **grandi**  
hub upgrades	47432573438779392	Rune of Negociation I	Runa della Negoziazione I  
hub upgrades	47432638307885056	**[X]%_discount on everything** in the **smuggler's shop**	**[X]%_sconto su tutto** nel **negozio del contrabbandiere**  
hub upgrades	47433822489927680	Rune of Negociation II	Runa della Negoziazione II  
hub upgrades	47434411030470656	Rune of Negociation III	Runa della Negoziazione III  
hub upgrades	47434940653625344	Rune of Negociation IV	Runa della Negoziazione IV  
hub upgrades	47434992348422144	Rune of Negociation V	Runa della Negoziazione V  
hub upgrades	47436013942464512	Rune of Harvest II	Runa del Raccolto II  
hub upgrades	47436057928130560	The **mango tree** in the **sanctuary** grows a [mangos]	L’**albero di mango** nel **santuario** fa crescere un [mangos]  
hub upgrades	47438940056707072	Rune of Confluence	Runa della Confluenza  
hub upgrades	47438973049102336	**+[X]%_chance** for **[crystals]_drops** to be **giant**	**+[X]%_probabilità** che i **[crystals]_cadute di cristalli** siano **giganti**  
hub upgrades	47440106693976064	Rune of the Feast II	Runa del Banchetto II  
hub upgrades	47440163770064896	**+[X]%_chance** for [mangos] **drops** to be **giant**	**+[X]%_probabilità** che i [mangos] **drop** siano **giganti**  
hub upgrades	49004961296289792	Rune of Negociation VI	Runa della Negoziazione VI  
hub upgrades	49778729643937792	**+[X]_rerolls**	**+[X]_rilanci**  
hub upgrades	49780098664763392	**+[X]_[coins]** when you **skip** a **[power]_blessing**	**+[X]_[monete]** quando **salti** una **[power]_benedizione**  
hub upgrades	50485542945296384	Refuge Improvements II	Migliorie al Rifugio II  
hub upgrades	50816771276148736	Rune of Transmutation	Runa della Trasmutazione  
hub upgrades	51444839138058240	Improves the **runemaster's workshop** and the **gunsmith's stand**	Migliora la **bottega del maestro delle rune** e la **postazione dell’armaiolo**  
powers	436258385494076	Demolition Spree	Furia Demolitrice  
powers	436258385494077	[X] [type] damage if you destroyed an enemy's cover last turn	[X] [type] danno se hai distrutto una copertura nemica nel turno precedente  
powers	55476952912859136	Lucky Shot	Colpo Fortunato  
powers	55476952933830656	**+[X]%_[critic]_critical hit chance** for **1_turn** after **each attack**\n*(even if you miss)*	**+[X]%_[critic]_probabilità di colpo critico** per **1_turno** dopo **ogni attacco**\n*(anche se manchi)*  
powers	55498811704315904	Endless Perseverance	Perseveranza Infinita  
powers	55498811704315905	**+[X]_damage** for **1_turn** after you **miss**	**+[X]_danno** per **1_turno** dopo che **manca**  
powers	55843944907902976	Hazardous Velocity	Velocità Pericolosa  
powers	55843944928874496	**+[X]_damage** for **1_turn** after spending **all your movement**	**+[X]_danno** per **1_turno** dopo aver speso **tutti i tuoi movimenti**  
powers	55843944928874497	Unfair Duel	Duello Sleale  
powers	55843944928874498	**Moving [adjacent]_next** to an enemy gives a **[iceShield]_shield**	**Muoversi [adjacent]_accanto** a un nemico ti dà un **[iceShield]_scudo di ghiaccio**  
powers	55843944928874499	Unstable Fury	Furia Instabile  
powers	55843944928874500	After you **move**, a **[bolt]_lightning bolt** strikes **[adjacent]_adjacent** enemies	Dopo che ti **muovi**, un **[bolt]_fulmine** colpisce i nemici **[adjacent]_adiacenti**  
powers	55843944928874501	Nervous Rebirth	Rinascita Nervosa  
powers	55843944928874502	While you are **exposed**, defeated enemies drop a **[feather]_play-again feather** 	Mentre sei **esposto**, i nemici sconfitti rilasciano una **[feather]_piuma-rigioca**  
powers	55843944928874503	Lightning Storm	Tempesta di Fulmini  
powers	55843944928874504	After you damage an **exposed** enemy, a **[bolt]_lightning bolt** strikes a different **exposed** enemy	Dopo che danneggi un nemico **esposto**, un **[bolt]_fulmine** colpisce un altro nemico **esposto**  
powers	55843944928874505	Lightning Fast	Fulmineo  
powers	55843944928874506	Damaging an **exposed** enemy gives **+[X]_[move]_movement** for **1_turn**	Danneggiare un nemico **esposto** dà **+[X]_[move]_movimento** per **1_turno**  
powers	55843944928874507	Hair Trigger	Grilletto Sensibile  
powers	55843944928874508	**+[X]_damage** to enemies that are **about to attack**	**+[X]_danno** ai nemici che stanno **per attaccare**  
powers	55843944928874509	Phoenix Spirit	Spirito della Fenice  
powers	55843944928874510	Defeating an enemy that is **about to attack** makes it drop a **[feather]_play-again feather**	Sconfiggere un nemico che sta **per attaccare** lo fa rilasciare una **[feather]_piuma-rigioca**  
powers	55844007193317376	Hunting Tactics	Tattiche di Caccia  
powers	55844007193317377	**Waiting** gives your next attack **+[X]_damage** and **[freeze]_freeze**	**Aspettare** dà al tuo prossimo attacco **+[X]_danno** e **[freeze]_congela**  
powers	55844007193317378	Slow Breathing	Respiro Lento  
powers	55844007193317379	**Waiting** gives your next attack **+[X]%_[bullseye]_precision**	**Aspettare** dà al tuo prossimo attacco **+[X]%_[bullseye]_precisione**  
powers	55844007193317380	Cold Blood	Sangue Freddo  
powers	55844007193317381	**+[X]%_[bullseye]_precision** while you are on a **mud tile**	**+[X]%_[bullseye]_precisione** mentre sei su una **casella di fango**  
powers	55844007193317382	Terrain Advantage	Vantaggio del Terreno  
powers	55844007193317383	**+[X]_damage** while you are on a **mud tile**	**+[X]_danno** mentre sei su una **casella di fango**  
powers	55844007193317384	Steady Shot	Colpo Stabile  
powers	55844007193317385	**+[X]_damage** while **in cover**	**+[X]_danno** mentre sei **in copertura**  
powers	55844007193317386	Jackpot	Jackpot  
powers	55844007193317387	**+[X]_[coins]** when you **defeat** an enemy from **cover**	**+[X]_[monete]** quando **sconfiggi** un nemico da **copertura**  
powers	55844007193317388	Frost Missile	Missile di Ghiaccio  
powers	55844007193317389	**+[X]_damage** to enemies **4+_tiles away**	**+[X]_danno** ai nemici a **4+_caselle di distanza**  
powers	55844007193317390	High Focus	Massima Concentrazione  
powers	55844007193317391	**+[X]%_[bullseye]_precision** against enemies **4+_tiles away**	**+[X]%_[bullseye]_precisione** contro nemici a **4+_caselle di distanza**  
powers	55844218779176960	Gunslinger	Pistolero  
powers	55844218779176961	Each **consecutive** attack **increases your damage** by **+[X]** until you move \n*(even if you miss)*	Ogni attacco **consecutivo** **aumenta il tuo danno** di **+[X]** finché ti muovi \n*(anche se manchi)*  
powers	55844218779176962	Ravager	Devastatore  
powers	55844218779176963	When you **break** a **cover**, it **[explosion]_explodes**	Quando **rompi** una **copertura**, essa **[explosion]_esplode**  
powers	55844218779176964	Inner Fire	Fuoco Interiore  
powers	55844218779176965	**+[X]_damage** while you have **less than 3_[health]** left	**+[X]_danno** mentre hai **meno di 3_[salute]** rimasti  
powers	55844218779176966	Volcanic Retaliation	Ritorsione Vulcanica  
powers	55844218779176967	After **taking damage**, deal **[X]_damage** to **all visible enemies** and **push** them away	Dopo aver **subito danno**, infliggi **[X]_danno** a **tutti i nemici visibili** e li **spingi** via  
powers	55844218779176968	Relentless Strike	Colpo Implacabile  
powers	55844218779176969	**+[X]_damage** to **injured** enemies	**+[X]_danno** ai nemici **feriti**  
powers	55844218779176970	Coup de Grace	Colpo di Grazia  
powers	55844218779176971	**+[X]%_[critic]_critical hit chance** against **injured** enemies	**+[X]%_[critic]_probabilità di colpo critico** contro nemici **feriti**  
relics(deprecated)	436258402271239	When you deal [typeDamage], [X]% **chance** to heal **1** [health]	Quando infliggi [typeDamage], [X]% di **probabilità** di curare **1** [salute]  
relics(deprecated)	436258402271238	Life Stealer's Fang	Zanna del Ladro di Vita  
relics(deprecated)	436258402271242	When you deal [typeDamage] to an enemy, [X]% **chance** to **freeze** it for one turn	Quando infliggi [typeDamage] a un nemico, [X]% di **probabilità** di **congelarlo** per un turno  
relics(deprecated)	436258402271241	Frozen Glass Eye	Occhio di Vetro Congelato  
relics(deprecated)	436258402271245	When you deal [typeDamage], [X]% **chance** of gaining a **shield**	Quando infliggi [typeDamage], [X]% di **probabilità** di ottenere uno **scudo**  
relics(deprecated)	436258402271244	Cold Iron Shield	Scudo di Ferro Gelido  
relics(deprecated)	436258423242762	When you deal [typeDamage], [X]% **chance** to gain [Y] [coins]	Quando infliggi [typeDamage], [X]% di **probabilità** di ottenere [Y] [monete]  
relics(deprecated)	436258423242761	Transmutation Stone	Pietra di Trasmutazione  
relics(deprecated)	436258423242765	When you deal [typeDamage], gain +[X] **movement** next turn	Quando infliggi [typeDamage], ottieni +[X] **movimento** al turno successivo  
relics(deprecated)	436258423242764	Thunder Boots	Stivali del Tuono  
relics(deprecated)	436258423242768	When you deal [typeDamage], [X]% **chance** to **play again**	Quando infliggi [typeDamage], [X]% di **probabilità** di **rigiocare**  
relics(deprecated)	436258423242767	Elixir of Swiftness	Elisir di Rapidità  
relics(deprecated)	1771731943501824	When you damage** cover** with [typeDamage], destroy it	Quando danneggi una **copertura** con [typeDamage], distruggila  
relics(deprecated)	3947081501511680	Lava Stone	Pietra Lavica  
scrolls	47807220743114752	Skull of Lektraz	Teschio di Lektraz  
scrolls	47807220755697664	**+[X]_weapon damage** for the expedition when you **upgrade** a [power]_**power**	**+[X]_danno arma** per la spedizione quando **potenzi** un [power]_**potere**  
scrolls	47807220759891968	Orb of Endurance	Sfera della Resistenza  
scrolls	47807220759891969	**+[X]_[iceShield]_shield duration**	**+[X]_[iceShield]_durata scudo**  
scrolls	47807220759891970	Terror Cloak	Mantello del Terrore  
scrolls	47807220759891971	**+[X]_damage** while **[iceShield]_shielded**	**+[X]_danno** mentre sei **[iceShield]_protetto da scudo**  
scrolls	47807220759891972	Necklace of Storms	Collana delle Tempeste  
scrolls	47807220759891973	**[X]%_[bolt]_chain-lightning chance**	**[X]%_[bolt]_probabilità di fulmine a catena**  
scrolls	47807220759891974	Thunder Tiara	Tiara del Tuono  
scrolls	47807220759891975	**+[X]_[bolt]_lightning bolt damage**	**+[X]_[bolt]_danno da fulmine**  
scrolls	47807220759891976	Strider Boots	Stivali del Camminatore  
scrolls	47807220759891977	**+[X]_[move]_movement** for **1_turn** after you pick up a **collectible**	**+[X]_[move]_movimento** per **1_turno** dopo che raccogli un **collezionabile**  
scrolls	47807220759891978	Ring of Rampage	Anello della Furia  
scrolls	47807220759891979	**Play again** after **defeating** an enemy	**Rigioca** dopo aver **sconfitto** un nemico  
scrolls	47807220759891980	Pendant of Thunder	Pendente del Tuono  
scrolls	47807220759891981	**[X]%_[bolt]_lightning bolt chance** after an enemy **misses you**	**[X]%_[bolt]_probabilità di fulmine** dopo che un nemico **ti manca**  
scrolls	47807220759891982	Elixir of Swiftness	Elisir di Rapidità  
scrolls	47807220759891983	**+[X]_[move]_movement** for **1_turn** after you **defeat** an enemy	**+[X]_[move]_movimento** per **1_turno** dopo che **sconfiggi** un nemico  
scrolls	47807220759891984	Helm ot the Thunder Bird	Elmo dell’Uccello del Tuono  
scrolls	47807220759891985	**Defeated** enemies have a **[X]%_chance** to drop a **[feather]_play-again feather**	I nemici **sconfitti** hanno una **[X]%_probabilità** di rilasciare una **[feather]_piuma-rigioca**  
scrolls	47807220759891986	Mark of Radiant Protection	Marchio della Protezione Radiosa  
scrolls	47807220759891987	Picking up a **collectible** gives a **[iceShield]_shield**	Raccogliere un **collezionabile** dà un **[iceShield]_scudo di ghiaccio**  
scrolls	47807220759891988	Arc-Blade	Lama Arcana  
scrolls	47807220759891989	**[X]%_[bolt]_lightning bolt chance** after you **damage** an enemy	**[X]%_[bolt]_probabilità di fulmine** dopo che **danneggi** un nemico  
scrolls	47807283007557632	Enchanted Coin	Moneta Incantata  
scrolls	47807283007557633	**+1_damage** for every **100**_[coins] you have	**+1_danno** per ogni **100**_[monete] che possiedi  
scrolls	47807283007557634	Stone of Greed	Pietra dell’Avidità  
scrolls	47807283007557635	**+[X]%_[freeze]_freeze chance** for every **100_[coins]** you have	**+[X]%_[freeze]_probabilità di congelare** per ogni **100_[monete]** che possiedi  
scrolls	47807283007557636	Pendant of Pride	Pendente dell’Orgoglio  
scrolls	47807283007557637	**+[X]_weapon damage** for the expedition after you **skip** a [power]_**blessing**	**+[X]_danno arma** per la spedizione dopo che **salti** un [power]_**benedizione**  
scrolls	47807283007557638	Idol of Winter	Idolo dell’Inverno  
scrolls	47807283007557639	**x[X]_damage** to **[freeze]_frozen** enemies	**x[X]_danno** ai nemici **[freeze]_congelati**  
scrolls	47807283007557640	Broken Watch	Orologio Rotto  
scrolls	47807283007557641	**+[X]_[freeze]_freeze duration**	**+[X]_[freeze]_durata congelamento**  
scrolls	47807283007557642	Golden Spyglass	Cannocchiale Dorato  
scrolls	47807283007557643	**+[X]_[coins]** when you **defeat** an enemy with a [bullseye]_**precision bonus**	**+[X]_[monete]** quando **sconfiggi** un nemico con un [bullseye]_**bonus di precisione**  
scrolls	47807283007557644	Edelweiss	Stella Alpina  
scrolls	47807283007557645	**x[X]_damage** while you have a [bullseye]_**precision bonus**	**x[X]_danno** mentre hai un [bullseye]_**bonus di precisione**  
scrolls	47807283007557646	Frost Feather	Piuma di Ghiaccio  
scrolls	47807283007557647	Attacks with a [bullseye]_**precision bonus** [freeze]_**freeze** their target	Gli attacchi con un [bullseye]_**bonus di precisione** [freeze]_**congelano** il loro bersaglio  
scrolls	47807283007557648	Eye of Everfrost	Occhio di Ghiaccio Eterno  
scrolls	47807283007557649	**+[X]_damage** to enemies that have **all their health**	**+[X]_danno** ai nemici che hanno **tutta la loro salute**  
scrolls	47807283007557650	Orb of Patience	Sfera della Pazienza  
scrolls	47807283007557651	Your **first 3_attacks** each level deal **x[X]_damage**	I tuoi **primi 3_attacchi** di ogni livello infliggono **x[X]_danno**  
scrolls	47807283007557652	Hunter's Belt	Cintura del Cacciatore  
scrolls	47807283007557653	**Defeating** an enemy gives your next attack **+[X]%_[bullseye]_precision**	**Sconfiggere** un nemico dà al tuo prossimo attacco **+[X]%_[bullseye]_precisione**  
scrolls	47807283007557654	Polar Fang	Zanna Polare  
scrolls	47807283007557655	**Defeating** an enemy gives your next attack **+[X]_damage**	**Sconfiggere** un nemico dà al tuo prossimo attacco **+[X]_danno**  
scrolls	47807494593417216	Explosive Bullets	Proiettili Esplosivi  
scrolls	47807494593417217	[critic]_**Critical hits** [explosion]_**explode**	[critic]_**Colpi critici** [explosion]_**esplodono**  
scrolls	47807494593417218	Burning Effigy	Effigie Ardente  
scrolls	47807494593417219	**+[X]%_[critic]_critical hit damage** 	**+[X]%_[critic]_danno critico**  
scrolls	47807494593417220	Liquid Bravery	Coraggio Liquido  
scrolls	47807494593417221	**[X]%_chance** to **heal 1_[health]** after a [critic]_**critical hit**	**[X]%_probabilità** di **curare 1_[salute]** dopo un [critic]_**colpo critico**  
scrolls	47807494593417222	Amulet of Chaos	Amuleto del Caos  
scrolls	47807494597611520	**+[X]_[explosion]_explosion damage**	**+[X]_[explosion]_danno da esplosione**  
scrolls	47807494597611521	Talisman of Destruction	Talismano della Distruzione  
scrolls	47807494597611522	**+[X]_[explosion]_explosion radius**	**+[X]_[explosion]_raggio esplosione**  
scrolls	47807494597611523	Glove of Power	Guanto del Potere  
scrolls	47807494597611524	**+[X]_collision damage**	**+[X]_danno da collisione**  
scrolls	47807494597611525	Ring of Brutality	Anello della Brutalità  
scrolls	47807494597611526	**+[X]_push distance**	**+[X]_distanza spinta**  
scrolls	47807494597611527	Orb of the Warlord	Sfera del Signore della Guerra  
scrolls	47807494597611528	**+[X]%_[critic]_critical hit chance**	**+[X]%_[critic]_probabilità di colpo critico**  
scrolls	47807494597611529	Pendant of Mayhem	Pendente del Caos  
scrolls	47807494597611530	During the **first [X]_turns** of each level, your attacks [explosion]_**explode**	Durante i **primi [X]_turni** di ogni livello, i tuoi attacchi [explosion]_**esplodono**  
scrolls	47807494597611531	Sacred Stone	Pietra Sacra  
scrolls	47807494597611532	**[X]%_chance** to **heal 1_[health]** at the end of **each level**	**[X]%_probabilità** di **curare 1_[salute]** alla fine di **ogni livello**  
scrolls	47807494597611533	Curse of Destruction	Maledizione della Distruzione  
scrolls	47807494597611534	Your attacks **push** their target away	I tuoi attacchi **spingono** il loro bersaglio lontano  
scrolls	47807494597611535	Pouch of the Merchant King	Borsa del Re dei Mercanti  
scrolls	47807494597611536	**Item prices** **-[X]_[coins]**	**Prezzi degli oggetti** **-[X]_[monete]**  
settings	38866116608	Settings	Impostazioni  
settings	1412035108864	Visuals	Grafica  
settings	2269703168000	Audio	Audio  
settings	2385080082432	Gameplay	Gameplay  
settings	3664976142336	Controls	Controlli  
settings	4541778616320	Enable fullscreen	Attiva schermo intero  
settings	5133590716416	Max framerate	Framerate massimo  
settings	5679626182656	Lower this to improve performances	Abbassa questo per migliorare le prestazioni  
settings	6234067034112	Reset visual settings	Reimposta impostazioni grafiche  
settings	8501608439808	Reset	Reimposta  
settings	14848232120320	Reset all settings	Reimposta tutte le impostazioni  
settings	15110690693120	Reset	Reimposta  
settings	16158104870912	Disables spatialized sound	Disattiva suono spazializzato  
settings	15788079177728	Main volume	Volume principale  
settings	15877354938368	Music	Musica  
settings	15902923415552	Sound effects	Effetti sonori  
settings	15933705412608	Dialogue	Dialoghi  
settings	16026496000000	Ambient	Ambiente  
settings	16065016487936	Interface	Interfaccia  
settings	16114379251712	Force mono sound	Forza suono mono  
settings	16253248462848	Reset audio settings	Reimposta impostazioni audio  
settings	16337075822592	Reset	Reimposta  
settings	259091462742016	Change language	Cambia lingua  
settings	259200648863744	Requires going back to the main menu	Richiede di tornare al menu principale  
settings	259231426666496	Reset gameplay settings	Reimposta impostazioni di gameplay  
settings	259299969982464	Back to menu	Torna al menu  
settings	261234416541696	Requires going back to the main menu	Richiede di tornare al menu principale  
settings	265123337461760	Back to menu	Torna al menu  
settings	265807789154304	Reset controls	Reimposta controlli  
settings	265878521896960	Reset	Reimposta  
settings	9110046101999616	Resolution	Risoluzione  
settings	9110354702110720	Graphics quality	Qualità grafica  
settings	9110587913801728	Low	Bassa  
settings	9110755853733888	Medium	Media  
settings	9110808353837056	Ultra	Ultra  
settings	9111056132345856	Screen shake	Scuotimento schermo  
settings	9111774616621056	Gamepad vibration	Vibrazione gamepad  
settings	9112186254004224	Easy mode	Modalità facile  
settings	9112515431370752	Lowers the game's difficulty without altering your experience	Abbassa la difficoltà del gioco senza alterare la tua esperienza  
settings	9113080420896768	Assisted luck	Fortuna assistita  
settings	9114740463505408	Improves your odds in specific situations. Warning: disabling this will make fights tougher and more frustrating (not recommended)	Migliora le probabilità in situazioni specifiche. Attenzione: disattivarla renderà i combattimenti più duri e frustranti (non raccomandato)  
settings	9423698856251392	Reset camera orientation	Reimposta orientamento della telecamera  
settings	9424206094405632	Immediately	Immediatamente  
settings	9424212297781248	On turn end	A fine turno  
settings	9424213417660416	Never	Mai  
skins	1297378082816	The Huntress	La Cacciatrice  
skins	1300746108928	The Crystal Islands' emblem. Efficient and practical	L’emblema delle Isole di Cristallo. Efficiente e pratico  
skins	26449444864	Winter Solstice	Solstizio d’Inverno  
skins	365521174528	The huntress liked to wear this every year on the winter solstice	La cacciatrice amava indossarlo ogni anno al solstizio d’inverno  
skins	414372233216	Lucky Crescent	Mezzaluna Fortunata  
skins	419313123328	A traditionnal outfit from a northern island: it's supposed to carry good luck	Un abito tradizionale di un’isola del nord: dovrebbe portare fortuna  
skins	424350482432	Crowlf Uniform	Uniforme Crowlf  
skins	428653838336	As stupid as they may be, these pirates do have a sense of style	Per quanto stupidi, questi pirati hanno comunque un senso dello stile  
skins	432554541056	The Priestess	La Sacerdotessa  
skins	454738214912	The traditionnal Warden's priestesses' colors: holy and classy	I colori tradizionali delle sacerdotesse della Custode: sacri ed eleganti  
skins	461910474752	The Star Monks	I Monaci delle Stelle  
skins	465995726848	The Star God's monks were experts in navigation and roamed the oceans to help castaways	I monaci del Dio delle Stelle erano esperti di navigazione e solcavano gli oceani per aiutare i naufraghi  
skins	591829041152	The Allmother Monks	I Monaci della Grande Madre  
skins	596010762240	The Allmother's lady monk-warriors fought in the name of the gods' queen and in the name of peace	Le monache guerriere della Grande Madre combattevano in nome della regina degli dèi e della pace  
skins	603405320192	Red Desert Tribe	Tribù del Deserto Rosso  
skins	605447946240	The Red desert tribe in the south believed in one, mighty, Sun God	La tribù del deserto rosso nel sud credeva in un unico, potente Dio Sole  
skins	607872253952	Maelstrom Hunterss	Cacciatrice dei Maelstrom  
skins	609600307200	A group of sailors fishing at the edge of maelstroms, telling tales of mythical sea creatures...	Un gruppo di marinai che pescava al limite dei maelstrom, raccontando storie di creature marine mitiche...  
skins	611676487680	Pink Hyacinths Traders	Commercianti di Giacinti Rosa  
skins	613563924480	Merchants that used to be present in every major cities' markets. They had the most beautiful species on display	Mercanti che un tempo erano presenti in ogni grande mercato cittadino. Esponevano le specie più belle  
skins	616172781568	The Unseen	Gli Invisibili  
skins	617745645568	Assassins for hire trained in the mountains, their village remains unfound	Assassini a pagamento addestrati tra le montagne, il loro villaggio resta ancora sconosciuto  
skins	620388057088	The Ice Raiders	I Predoni del Ghiaccio  
skins	622715895808	Ruthless and powerful raiders coming from the northern kingdoms	Spietati e potenti razziatori provenienti dai regni del nord  
skins	624729161728	The Allmother's Awoken	I Risvegliati della Grande Madre  
skins	626490769408	An elite cast among the Allmother's monks. Only an awoken could be initiated to magic	Una casta d’élite tra i monaci della Grande Madre. Solo un risvegliato poteva essere iniziato alla magia  
skins	628852162560	Blackbraid's Crew	L’Equipaggio di Blackbraid  
skins	630991257600	An infamous pirate's crew uniform. It is said she used canon fuses to light up her hair and scare her enemies	L’uniforme dell’equipaggio di una piratessa famigerata. Si dice che usasse micce di cannone per accendere i capelli e spaventare i nemici  
skins	632786419712	The Peak's Guard	La Guardia dei Picchi  
skins	634673856512	The Frozen Peaks were once defended by the Guard. That was before the cultists went mad	I Picchi Ghiacciati erano un tempo difesi dalla Guardia. Prima che i cultisti impazzissero  
skins	636624207872	The Peak's Knights	I Cavalieri dei Picchi  
skins	638633279488	Chosen among the Guard, the knights swore an oath of silence. They were a force to be reckoned with	Scelti tra la Guardia, i cavalieri giuravano un voto di silenzio. Erano una forza temibile  
skins	640965312512	The Diamond Bird	L’Uccello di Diamante  
skins	643007938560	A legendary monster huntress that roamed the kingdom centuries ago	Una leggendaria cacciatrice di mostri che vagava per il regno secoli fa  
skins	645117673472	Hell Spawn	Generato dall’Inferno  
skins	647063830528	A demonic energy emanates from the fabric	Un’energia demoniaca emana dal tessuto  
skins	651279106048	Superior Demon	Demone Superiore  
skins	653103628288	That's not reassuring. Are you ok?	Non è rassicurante. Stai bene?  
skins	655590850560	Harlequin	Arlecchino  
skins	657511841792	Don't be fooled by its appearance, the Harlequin's guild is known for their ellaborate plots and sneaky coups	Non lasciarti ingannare dall’apparenza, la gilda degli Arlecchini è famosa per i suoi intrighi elaborati e i colpi di mano subdoli  
skins	660561100800	The Hero	L’Eroe  
skins	662603726848	The legend talks of a Hero that lived long ago, during the High Rule century	La leggenda narra di un Eroe che visse molto tempo fa, durante il secolo dell’Alto Regno  
skins	665124503552	Crystal Sailor	Marinaio di Cristallo  
skins	667104215040	A guild of sailors, masters in the art of crystal carving	Una gilda di marinai, maestri nell’arte dell’intaglio dei cristalli  
skins	669998284800	The Aether Thief	Il Ladro dell’Etere  
skins	672514867200	A famous burglar, she hasn't been seen since her last theft on the Mad king's Book of Shadows...	Un famoso ladro, non si è più visto dal suo ultimo furto al Libro delle Ombre del Re Folle...  
skins	1236506148864	Greenhill's Musicians	I Musicisti di Greenhill  
skins	1243934261248	A band of joyful musicians from Greenhill island. We can still hear an echo of their last gig in Aetherpolis	Una banda di allegri musicisti dall’isola di Greenhill. Si può ancora sentire l’eco della loro ultima esibizione ad Aetherpolis  
tutorials	6611861504	That **enemy** saw you, get in **cover**!\n\n***Low cover_[coverLow]** offers minimal protection, while **high cover** [coverHigh]_shields you completely.*	Quel **nemico** ti ha visto, mettiti in **copertura**!\n\n***Copertura bassa_[coverLow]** offre protezione minima, mentre **copertura alta** [coverHigh]_ti protegge completamente.*  
tutorials	98228043776	Now, find the best angle, and **click** the enemy to **attack** it!	Ora, trova l’angolazione migliore, e **clicca** il nemico per **attaccarlo**!  
tutorials	127563005952	Your **turn** ends whenever you **move** or **attack**.\n\n*The enemies ahead play **once every 3 turns_[turns]**, aim at them to see when they will **play next**!*	Il tuo **turno** termina ogni volta che ti **muovi** o **attacchi**.\n\n*I nemici davanti giocano **una volta ogni 3 turni_[turns]**, mirali per vedere quando giocheranno **il prossimo turno**!*  
ui	1006659764224	Wait	Attesa  
ui	11302208077824	You can **move** [movement] tiles each turn	Puoi **muoverti** di [movement] caselle ogni turno  
ui	11432365719552	Your attacks have a [precision]% **chance** to **damage** enemies \n*(reduced by **distance** and **cover**)*	I tuoi attacchi hanno una [precision]% di **probabilità** di **danneggiare** i nemici \n*(ridotta da **distanza** e **copertura**)*  
ui	11508844658688	Your **base attacks** deal [damage] **damage**	I tuoi **attacchi base** infliggono [damage] **danno**  
ui	11577597689856	Enemies have an extra [evasion]% **chance** to **miss** you	I nemici hanno una [evasion]% di **probabilità** di **mancare**  
ui	11616319504384	Your attacks have a [crit]% **chance** to deal **double damage**	I tuoi attacchi hanno una [crit]% di **probabilità** di infliggere **danno doppio**  
ui	11804165603328	Movement	Movimento  
ui	15089022861312	Health	Salute  
ui	15194924843008	Precision	Precisione  
ui	15764721041408	Damage	Danno  
ui	15871306694656	Evasion	Schivata  
ui	15973131812864	Critical hit chance	Probabilità di colpo critico  
ui	329696803356672	Wishlist on Steam	Lista dei desideri su Steam  
ui	329954681749504	Resume	Riprendi  
ui	330057215705088	Back to menu	Torna al menu  
ui	330315794546688	SFX	SFX  
ui	330501757403136	Fullscreen	Schermo intero  
ui	330410141220864	Music	Musica  
ui	352665172770816	Select your **calamity** level	Seleziona il tuo livello di **calamità**  
ui	352844059836416	Calamity [X]	Calamità [X]  
ui	353025799028736	Enemies have [X]% more [maxHealth]\nYou find [Y]% more [crystals]	I nemici hanno [X]% in più di [maxHealth]\nTrovi [Y]% in più di [crystals]  
ui	353167058993152	Begin!	Inizia!  
ui	388395936841728	Use **crystals** [crystals] to improve your abilities permanently!	Usa **cristalli** [crystals] per migliorare permanentemente le tue abilità!  
ui	391745537376256	Upgrade	Potenzia  
ui	708493436321792	Pick a card	Pesca una carta  
ui	712686192623616	NEW!	NUOVO!  
ui	787287157309440	Saving...	Salvataggio...  
ui	788435566133248	Ok!	Ok!  
ui	789427858767872	Cancel	Annulla  
ui	789267200147456	Replay tutorial	Rigioca tutorial  
ui	789229044563968	Continue	Continua  
ui	789189160927232	New game	Nuova partita  
ui	789302658793472	Quit	Esci  
ui	789334065741824	Erase previous save?	Cancellare il salvataggio precedente?  
ui	789385613737984	Yes	Sì  
ui	795560795242496	Skip	Salta  
ui	8007210203938816	English	Inglese  
ui	10519357790158848	Credits	Crediti  
ui	10520625900224512	New run	Nuova run  
ui	12030272594513920	Normal enemies and rewards	Nemici e ricompense normali  
ui	14892257339584512	Day of the Shell is still in development, but your early supports means a lot to us.\n\nFeel free to wishlist the game to be notified when it comes out!	Day of the Shell è ancora in sviluppo, ma il tuo supporto anticipato significa molto per noi.\n\nAggiungi pure il gioco alla wishlist per essere notificato quando uscirà!  
ui	14894105878409216	Discord Community	Comunità Discord  
ui	14897049508065280	With the support of FAJV, a fund financed by the National Center for Cinema and Animated Picture	Con il supporto di FAJV, un fondo finanziato dal Centro Nazionale del Cinema e dell’Immagine Animata  
ui	14904089462779904	With the support of Montpellier Méditerranée Métropole	Con il supporto di Montpellier Méditerranée Métropole  
ui	20470688360697856	This is a demo	Questa è una demo  
ui	20470978300350464	Welcome to Day of the Shell!\n\nYou're currently playing an early version of the game, with only a fraction of the features and the content we envision for Day of the Shell.\n\nFeel free to share your thoughts at any time, by clicking  the 	Benvenuto in Day of the Shell!\n\nStai giocando a una versione preliminare del gioco, con solo una frazione delle funzionalità e dei contenuti che immaginiamo per Day of the Shell.\n\nCondividi pure le tue opinioni in qualsiasi momento, cliccando sul  
ui	20806375597412352	Language	Lingua  
ui	20807153317842944	Demo	Demo  
ui	20809743699021824	Submit feedback	Invia feedback  
ui	20809850221760512	Feedback	Feedback  
ui	20809887668506624	Use this form to send us feedback on the game (in English or in French, if possible).\n\nIf you're reporting a bug, remember to explain how to reproduce it!	Usa questo modulo per inviarci i tuoi commenti sul gioco (in inglese o in francese, se possibile).\n\nSe stai segnalando un bug, ricorda di spiegare come riprodurlo!  
ui	20809931511566336	Type of feedback	Tipo di feedback  
ui	20809995785080832	Suggestion	Suggerimento  
ui	20811458489880576	Crash / Blocking	Crash / Blocco  
ui	20811492438577152	Audio	Audio  
ui	20811521656098816	Controls	Controlli  
ui	20811561250328576	Gameplay	Gameplay  
ui	20811563251011584	HUD / Menus	HUD / Menu  
ui	20811569596993536	Text	Testo  
ui	20811570859479040	Visuals	Grafica  
ui	20811571564122112	Other	Altro  
ui	20811572629475328	Type your feedback here...	Scrivi qui il tuo feedback...  
ui	20811871637213184	Contact info (optional)	Contatto (opzionale)  
ui	20811915471884288	I allow Duper to use the info in the menu to implement my feedback (and nothing else!)	Autorizzo Duper a usare le informazioni nel menu per implementare il mio feedback (e nient’altro!)  
ui	20811982467502080	Send!	Invia!  
ui	20825657093918720	Owned	Posseduto  
ui	38125545776021504	**Skip** (+[X][coins])	**Salta** (+[X][coins])  
ui	38125985171308544	**Reroll** ([X] left)	**Rilancia** ([X] rimasti)  
ui	23995854421032965	With the support of FAJV, a fund\nfinanced by the National Center for Cinema and Animated Picture	Con il supporto di FAJV, un fondo\nfinanziato dal Centro Nazionale del Cinema e dell’Immagine Animata  
ui	23995854421032966	With the support of Montpellier Méditerranée Métropole	Con il supporto di Montpellier Méditerranée Métropole  
ui	53651678076461056	Settings	Impostazioni  
ui	8007210203938810	English	Inglese  
ui	57031067387564032	New outfit unlocked	Nuovo costume sbloccato  
ui	57032523469557760	Try it on at the fitting room!	Provalo nella sala prove!  
ui	58049103020167168	Smuggler's Shop	Smuggler's Shop  
ui	58049180841283584	Runemaster's Workshop	Runemaster's Workshop  
ui	58049251498528768	Gunsmith's Stand	Gunsmith's Stand  
ui	58049286684545024	Fitting Room	Sala Prove  
ui	58049318905188352	For Sale	In vendita  
ui	58049389730205696	Locked	Bloccato  
ui	58049421166514176	Owned	Posseduto  
ui	58408549604921344	Confirm?	Confermi?  
ui	58470922755772416	Common	Comune  
ui	58471308166172672	Rare	Raro  
ui	58471512068067328	Epic	Epico  
ui	58472597000294400	Power	Potere  
ui	58473026933231616	Relic	Reliquia  
ui	58473237244022784	Power upgrade	Potenziamento potere  
ui	58473536063016960	Weapon	Arma  
ui	23995854421032960	Credits	Crediti  
ui	58836164073492480	Choose a power	Scegli un potere  
ui	58836373092438016	Choose a relic	Scegli una reliquia  
ui	58836376057810944	Choose your weapon	Scegli la tua arma  
ui	58857528964681728	Blessed weapon	Arma Benedetta  
ui	58865379535753216	Choose a reward	Scegli una ricompensa  
ui	59145284789997568	Relic upgrade	Potenziamento reliquia  
ui	59145462146142208	Weapon Upgrade	Potenziamento arma  
ui	61651327159898112	Equipped	Equipaggiato  
ui	62893957583736832	World [X] - Level [Y]	Mondo [X] - Livello [Y]  
weapons	43119620096	**[X]_damage**\n**+[Y]_[move]_movement**	**[X]_danno**\n**+[Y]_[move]_movimento**  
weapons	26707308544	Crossbow	Balestra  
weapons	139823493120	**[X]_damage**\n**+[Y]_[maxHealth]**	**[X]_danno**\n**+[Y]_[maxHealth]**  
weapons	81807880192	Revolver	Rivoltella  
weapons	173516337152	Shotgun	Fucile a pompa  
weapons	203207815168	[X]_**damage**\nDeals **[critic]_critical hits** at [adjacent]_**point-blank** range	[X]_**danno**\nInfligge **[critic]_colpi critici** a [adjacent]_**distanza ravvicinata**  
weapons	43138446553939968	Harpoon Crossbow	Balestra Arpione  
weapons	43138469198987264	Ice Pick Crossbow	Balestra Spaccaghiaccio  
weapons	43138461112369152	**Crossbow**: **+[X]_damage**	**Balestra**: **+[X]_danno**  
weapons	43138473598812160	**Crossbow**: **+[X]_damage** after defeating **each boss** *(until the end of the expedition)*	**Balestra**: **+[X]_danno** dopo aver sconfitto **ogni boss** *(fino alla fine della spedizione)*  
weapons	43138477348519936	Flintlock Revolver	Pistola a Pietra Focaia  
weapons	43139101645504512	Frost Rune Revolver	Rivoltella Runa di Ghiaccio  
weapons	43138480833986560	**Revolver**: **+[X]_damage**	**Rivoltella**: **+[X]_danno**  
weapons	43139104292110336	**Revolver**: **+[X]_damage** after defeating **each boss** *(until the end of the expedition)*	**Rivoltella**: **+[X]_danno** dopo aver sconfitto **ogni boss** *(fino alla fine della spedizione)*  
weapons	43139108163452928	Blunderbuss	Archibugio  
weapons	43139111057522688	Blizzard Shotgun	Fucile a Pompa Tempesta di Neve  
weapons	43139109702762496	**Shotgun**: **+[X]_damage**	**Fucile a pompa**: **+[X]_danno**  
weapons	43139112374534144	**Shotgun**: **+[X]_damage** after defeating **each boss** *(until the end of the expedition)*	**Fucile a pompa**: **+[X]_danno** dopo aver sconfitto **ogni boss** *(fino alla fine della spedizione)*  
weapons	43842713203933184	**Blessed Weapon**: **+[X]% chance** for **[crystals]_crystal drops** to be **big**	**Arma Benedetta**: **+[X]% probabilità** che i **[crystals]_cadute di cristalli** siano **grandi**  
weapons	43842514834325504	Crystals Extraction Blessing	Benedizione dell’Estrazione di Cristalli  
weapons	43847194620624896	**Blessed Weapon**: **+[X]_damage**	**Arma Benedetta**: **+[X]_danno**  
weapons	43855157699706880	Soul Eating Bullets	Proiettili Divoratori d’Anime  
weapons	43856021722136576	Soul Eating Bolts	Dardi Divoratori d’Anime  
weapons	43856026944045056	Soul Eating Shells	Proiettili Divoratori d’Anime  
weapons	43842632249671680	Blessing of Might I	Benedizione della Forza I  
weapons	43842688159744000	Blessing of Might II	Benedizione della Forza II  
weapons	43868441698009088	Imperial Revolver	Rivoltella Imperiale  
weapons	43868445565157376	Sovereign Crossbow	Balestra Sovrana  
weapons	43868447834275840	Royal Shotgun	Fucile a Pompa Reale  
weapons	46255783319179264	**+[X]_damage**	**+[X]_danno**  
weapons	46255786058059776	**+[X]% chance** for **[crystals]_crystal drops** to be **big**	**+[X]% probabilità** che i **[crystals]_cadute di cristalli** siano **grandi**  
weapons	46255788209737728	**+[X]_damage** after defeating **each boss** *(until the end of the expedition)*	**+[X]_danno** dopo aver sconfitto **ogni boss** *(fino alla fine della spedizione)*  
